model,K,method,log,mean_l2_full,std_l2_full,mean_l2_factor,rel_to_rw,n_fallback
RandomWalk,-,-,-,8.778180544584632,2.3699447234562547,,1.0,0
K1_LASSO,1,LASSO,False,7.4299147609729435,1.9639395591843716,0.2155441677156132,0.8464071481824954,0
K1_AdaLASSO,1,AdaLASSO,False,7.430067491494876,1.9640509226605545,0.215513434767808,0.8464245470638646,0
K1_Log_LASSO,1,LASSO,True,7.319087277319067,2.0222422109638996,0.21399757207541106,0.833781811634565,0
K1_Log_AdaLASSO,1,AdaLASSO,True,7.3198711056334655,2.0218854400909567,0.21400130453818333,0.8338711044339575,0
K3_LASSO,3,LASSO,False,7.7863223569053,2.1322120230921286,0.4197373748101517,0.8870086821931201,0
K3_AdaLASSO,3,AdaLASSO,False,7.7855711259488025,2.130429163804595,0.41967933810978286,0.8869231028463885,0
K3_Log_LASSO,3,LASSO,True,7.77914588078656,2.2212490874499764,0.41636340320332316,0.886191146476887,0
K3_Log_AdaLASSO,3,AdaLASSO,True,7.794760188813095,2.240084791066511,0.4173072219595315,0.8879699100768415,0
K5_LASSO,5,LASSO,False,7.88252991944522,2.109942807873196,0.698227291716748,0.8979685345282685,0
K5_AdaLASSO,5,AdaLASSO,False,7.882513568189442,2.109933338563829,0.698227291716748,0.8979666718124476,0
K5_Log_LASSO,5,LASSO,True,7.802098380283848,2.2755596107097027,0.6798810991436302,0.8888058682157157,0
K5_Log_AdaLASSO,5,AdaLASSO,True,7.8020753934938885,2.275557107577352,0.6798810991436302,0.8888032495876478,0
K7_LASSO,7,LASSO,False,7.81079282893587,2.1584282609661867,1.3125825943263445,0.8897963295770266,0
K7_AdaLASSO,7,AdaLASSO,False,7.810785291777856,2.158434213042554,1.3125825943263445,0.8897954709528532,0
K7_Log_LASSO,7,LASSO,True,7.7892094617956875,2.413272259728209,1.3345867983091497,0.887337577785518,0
K7_Log_AdaLASSO,7,AdaLASSO,True,7.789203086974222,2.4132757330778016,1.33458679830915,0.8873368515733567,0
