model,constraint,std_ann,lpstd_ann,excess_kurtosis,skewness,avg_div_ratio,avg_max_weight,avg_min_weight,avg_gross_leverage,prop_negative,avg_turnover,n_fallback,n_forecast_fallback
RandomWalk,unconstrained,14.958963593754707,15.325602393608023,0.17195374142865294,-0.1304633673281799,5.0010586115040585,0.30722166199491496,-0.1535156513529058,1.9553732743107675,0.341015625,0.08211259821424234,0,0
RandomWalk,restricted,14.481967268937401,15.11764550752843,-0.08948905761676018,-0.17244677731202682,3.870273451236751,0.19847721078799185,-0.12098927020929098,1.577791513005904,0.30234375,0.059431574714300044,0,0
RandomWalk,long_only,14.487147365953232,15.41243609174659,-0.14521563681226146,-0.2390419921844896,2.064591314632331,0.19630244843316502,6.874949552173874e-07,1.0,0.0,0.033983543449696195,0,0
K1_LASSO,unconstrained,12.688945938110209,13.092714197549732,0.17046525783564848,-0.0012052206327483681,3.2211970401045296,0.3028741969753366,-0.1002786493109863,1.6087565272873727,0.330078125,0.010566597064356087,0,0
K1_LASSO,restricted,12.888632616518292,13.94965100526814,0.07068755780646585,-0.0865477889908474,3.1253655051743983,0.199364403705392,-0.10360677704510321,1.5538467685250683,0.321875,0.00894983381867377,0,0
K1_LASSO,long_only,14.045765986144202,15.248831524276843,-0.07488865774735931,-0.22116507994090098,1.7835393214697812,0.19911233470913037,5.595715646976154e-07,1.0,0.0,0.0056926896328386885,0,0
K3_LASSO,unconstrained,12.98805380393996,13.432805376426565,0.28876075827419223,0.09328781549521631,3.560682494608225,0.2851736022235957,-0.10303060686377313,1.6654940935344542,0.285546875,0.00923107651959295,0,0
K3_LASSO,restricted,12.912444873693046,13.373884789555706,0.19260005487493315,0.02890318541286844,3.393988671629665,0.1999965863004652,-0.1055958711722485,1.586025998691742,0.277734375,0.007591867517730212,0,0
K3_LASSO,long_only,14.001768910835692,14.922940594493223,0.014050379205298835,-0.15251184005315618,1.8721170185118161,0.19999867211438932,4.6469651520407367e-07,1.0,0.0,0.004925035336485674,0,0
K3_AdaLASSO,unconstrained,12.9877004501717,13.432413680806091,0.28910529317156186,0.09326624157042004,3.560755585704108,0.2851937500501939,-0.10302980856659796,1.6655396709491441,0.285546875,0.009233903727603375,0,0
K3_AdaLASSO,restricted,12.912240423863233,13.373594704725445,0.19278914478149778,0.028908197313645308,3.393961009258342,0.19999658739075862,-0.10559151046942301,1.5860255831564674,0.277734375,0.007594388774448155,0,0
K3_AdaLASSO,long_only,14.001503070840704,14.922618097438203,0.014219188980985287,-0.15251979665780271,1.872089226317426,0.1999986729516972,4.6456404180291706e-07,1.0,0.0,0.00492628085070808,0,0
K3_Log_LASSO,unconstrained,12.974191931560835,13.078541243138373,0.2783792883174532,0.0874557892965264,3.5368776832083055,0.2828010585733738,-0.10107904047190178,1.6544499971200666,0.286328125,0.00939992263681755,0,0
K3_Log_LASSO,restricted,12.916716784629267,13.059850689011393,0.2053526841758897,0.027240181378908726,3.376553338678793,0.19999644103718778,-0.10355051460200494,1.577813643403526,0.275,0.007685246757058283,0,0
K3_Log_LASSO,long_only,14.032738764784632,14.951247385471527,-0.016210146000359416,-0.1480076858586232,1.8771625920109418,0.19999545718291528,5.142187194234168e-07,1.0,0.0,0.005096001456699223,0,0
K5_LASSO,unconstrained,13.172393191627599,12.79765990907614,0.2565913890150866,0.16367980412033897,3.6100973122927282,0.28808067051539366,-0.1125020107288826,1.6671470952528975,0.271484375,0.010568414419829227,0,0
K5_LASSO,restricted,13.07591782587951,13.196888142686442,0.17688041419373413,0.07584671422002331,3.4418632723599094,0.19999797830051844,-0.11583474509010142,1.5875283864305563,0.25625,0.008659305587813075,0,0
K5_LASSO,long_only,14.068540597107452,14.653626470761072,0.03229278346580333,-0.16219537051702643,1.877280723150582,0.1999980826774367,6.918843870821951e-07,1.0,0.0,0.005204666942854536,0,0
K7_LASSO,unconstrained,13.38030443910844,13.679065959246984,0.1325162386578418,-0.05417336573409067,3.490895986795537,0.29253426057420145,-0.09715497440938725,1.6778448843163487,0.340625,0.01124605008506691,0,0
K7_LASSO,restricted,13.2803612802151,13.826373808090302,0.08113015743308205,-0.091254276910385,3.3150648654424213,0.19999557688300285,-0.0871720985642867,1.5861187723405157,0.2875,0.009097951744664766,0,0
K7_LASSO,long_only,14.141928200386062,15.29221413875939,0.09646755192521894,-0.2133119017555153,1.8637192132726002,0.19999801834783976,1.2441308223770083e-06,1.0,0.0,0.005157961361884836,0,0
K7_AdaLASSO,unconstrained,13.380255803321617,13.679043702587729,0.13251987771328233,-0.05419225428898682,3.4909010746402096,0.2925313323241864,-0.09715565536743652,1.6778471132955481,0.340625,0.011246480770081734,0,0
K7_AdaLASSO,restricted,13.280332570505978,13.826350290398931,0.08115341444491664,-0.09125929334749094,3.3150650868151526,0.19999557683842278,-0.087172315287529,1.586119307623449,0.2875,0.009098297821658264,0,0
K7_AdaLASSO,long_only,14.141920205297339,15.29222319273158,0.09647511774814665,-0.2133184412513513,1.8637191813608704,0.19999801827885105,1.2441343911032474e-06,1.0,0.0,0.005158107808980539,0,0
